"","Variable","Value"
"1","predicted age difference","2.54018046304778"
"2","corrected predicted age difference","1.43957593973596"
"3","age difference","2.55980883322347"
"4","brain age gap time point 1","-0.0986518268749923"
"5","brain age gap time point 2","-0.118280197050683"
"6","corrected brain age gap time point 1","-0.183342776816998"
"7","corrected brain age gap time point 2","-0.0573061620735906"
"8","t-test pval","0.819213121577619"
"9","LMER pval","1.20477993779553e-40"
"10","LMER beta","1.25989928934038"
"11","Marginal means","Decreasing, non-sign."
